date,fish_number,species,sex,dna,whatman_sheet,whatman_cell,location
6/26/24,1,SK,UN,Y,1,1,"Black Pt, Area 3-4"
6/26/24,2,SK,UN,Y,1,2,"Black Pt, Area 3-4"
6/26/24,3,SK,UN,Y,1,3,"Black Pt, Area 3-4"
6/26/24,4,SK,UN,Y,1,4,"Black Pt, Area 3-4"
6/26/24,5,SK,UN,Y,1,5,"Black Pt, Area 3-4"
6/26/24,6,SK,UN,Y,1,6,"Black Pt, Area 3-4"
6/26/24,7,SK,UN,Y,1,7,"Black Pt, Area 3-4"
6/26/24,8,SK,UN,Y,1,8,"Black Pt, Area 3-4"
6/26/24,9,SK,UN,Y,1,9,"Black Pt, Area 3-4"
6/26/24,10,SK,UN,Y,1,10,"Black Pt, Area 3-4"
6/26/24,11,SK,UN,Y,1,11,"Black Pt, Area 3-4"
6/26/24,12,SK,UN,Y,1,12,"Black Pt, Area 3-4"
6/26/24,13,SK,UN,Y,1,13,"Black Pt, Area 3-4"
6/26/24,14,SK,UN,Y,1,14,"Black Pt, Area 3-4"
6/26/24,15,SK,UN,Y,1,15,"Black Pt, Area 3-4"
6/26/24,16,SK,UN,Y,1,16,"Black Pt, Area 3-4"
6/26/24,17,SK,UN,Y,1,17,"Black Pt, Area 3-4"
6/26/24,18,SK,UN,Y,1,18,"Black Pt, Area 3-4"
6/26/24,19,SK,UN,Y,1,19,"Black Pt, Area 3-4"
6/26/24,20,SK,UN,Y,1,20,"Black Pt, Area 3-4"
6/26/24,21,SK,UN,Y,2,21,"Black Pt, Area 3-4"
6/26/24,22,SK,UN,Y,2,22,"Black Pt, Area 3-4"
6/26/24,23,SK,UN,Y,2,23,"Black Pt, Area 3-4"
6/26/24,24,SK,UN,Y,2,24,"Black Pt, Area 3-4"
6/26/24,25,SK,UN,Y,2,25,"Black Pt, Area 3-4"
6/26/24,26,SK,UN,Y,2,26,N. Finlayson Area 4-5
6/26/24,27,SK,UN,Y,2,27,N. Finlayson Area 4-5
6/26/24,28,SK,UN,Y,2,28,N. Finlayson Area 4-5
6/26/24,29,SK,UN,Y,2,29,N. Finlayson Area 4-5
6/26/24,30,SK,UN,Y,2,30,N. Finlayson Area 4-5
6/26/24,31,SK,UN,Y,2,31,N. Finlayson Area 4-5
6/26/24,32,SK,UN,Y,2,32,N. Finlayson Area 4-5
6/26/24,33,SK,UN,Y,2,33,N. Finlayson Area 4-5
6/26/24,34,SK,UN,Y,2,34,N. Finlayson Area 4-5
6/26/24,35,SK,UN,Y,2,35,N. Finlayson Area 4-5
6/26/24,36,SK,UN,Y,2,36,N. Finlayson Area 4-5
6/26/24,37,SK,UN,Y,2,37,N. Finlayson Area 4-5
6/26/24,38,SK,UN,Y,2,38,N. Finlayson Area 4-5
6/26/24,39,SK,UN,,2,39,N. Finlayson Area 4-5
6/26/24,40,SK,UN,,2,40,N. Finlayson Area 4-5
6/26/24,41,SK,UN,Y,3,41,N. Finlayson Area 4-5
6/26/24,42,SK,UN,Y,3,42,N. Finlayson Area 4-5
6/26/24,43,SK,UN,Y,3,43,N. Finlayson Area 4-5
6/26/24,44,SK,UN,Y,3,44,N. Finlayson Area 4-5
6/26/24,45,SK,UN,Y,3,45,N. Finlayson Area 4-5
6/26/24,46,SK,UN,Y,3,46,N. Finlayson Area 4-5
6/26/24,47,SK,UN,Y,3,47,N. Finlayson Area 4-5
6/26/24,48,SK,UN,Y,3,48,N. Finlayson Area 4-5
6/26/24,49,SK,UN,Y,3,49,N. Finlayson Area 4-5
6/26/24,50,SK,UN,Y,3,50,N. Finlayson Area 4-5
6/26/24,51,SK,UN,Y,3,51,N. Finlayson Area 4-5
6/26/24,52,SK,UN,Y,3,52,N. Finlayson Area 4-5
6/26/24,53,SK,UN,Y,3,53,N. Finlayson Area 4-5
6/26/24,54,SK,UN,Y,3,54,N. Finlayson Area 4-5
6/26/24,55,SK,UN,Y,3,55,N. Finlayson Area 4-5
6/26/24,56,SK,UN,Y,3,56,N. Finlayson Area 4-5
6/26/24,57,SK,UN,Y,3,57,N. Finlayson Area 4-5
6/26/24,58,SK,UN,Y,3,58,N. Finlayson Area 4-5
6/26/24,59,SK,UN,Y,3,59,N. Finlayson Area 4-5
6/26/24,60,SK,UN,Y,3,60,N. Finlayson Area 4-5
6/26/24,61,SK,UN,Y,4,61,N. Finlayson Area 4-5
6/26/24,62,SK,UN,Y,4,62,N. Finlayson Area 4-5
6/26/24,63,SK,UN,Y,4,63,N. Finlayson Area 4-5
6/26/24,64,SK,UN,Y,4,64,N. Finlayson Area 4-5
6/26/24,65,SK,UN,Y,4,65,N. Finlayson Area 4-5
6/26/24,66,SK,UN,Y,4,66,N. Finlayson Area 4-5
6/26/24,67,SK,UN,Y,4,67,N. Finlayson Area 4-5
6/26/24,68,SK,UN,Y,4,68,N. Finlayson Area 4-5
6/26/24,69,SK,UN,Y,4,69,N. Finlayson Area 4-5
6/26/24,70,SK,UN,Y,4,70,N. Finlayson Area 4-5
6/26/24,71,SK,UN,Y,4,71,N. Finlayson Area 4-5
6/26/24,72,SK,UN,Y,4,72,N. Finlayson Area 4-5
6/26/24,73,SK,UN,Y,4,73,N. Finlayson Area 4-5
6/26/24,74,SK,UN,Y,4,74,N. Finlayson Area 4-5
6/26/24,75,SK,UN,Y,4,75,N. Finlayson Area 4-5
6/29/24,76,SK,UN,Y,4,76,"Black Pt, Area 3-4"
6/29/24,77,SK,UN,Y,4,77,"Black Pt, Area 3-4"
6/29/24,78,SK,UN,Y,4,78,"Black Pt, Area 3-4"
6/29/24,79,SK,UN,Y,4,79,"Black Pt, Area 3-4"
6/29/24,80,SK,UN,Y,4,80,"Black Pt, Area 3-4"
6/29/24,81,SK,UN,Y,5,81,"Black Pt, Area 3-4"
6/29/24,82,SK,UN,Y,5,82,"Black Pt, Area 3-4"
6/29/24,83,SK,UN,Y,5,83,"Black Pt, Area 3-4"
6/29/24,84,SK,UN,Y,5,84,"Black Pt, Area 3-4"
6/29/24,85,SK,UN,Y,5,85,"Black Pt, Area 3-4"
6/29/24,86,SK,UN,Y,5,86,"Black Pt, Area 3-4"
6/29/24,87,SK,UN,Y,5,87,"Black Pt, Area 3-4"
6/29/24,88,SK,UN,Y,5,88,"Black Pt, Area 3-4"
6/29/24,89,SK,UN,Y,5,89,"Black Pt, Area 3-4"
6/29/24,90,SK,UN,Y,5,90,"Black Pt, Area 3-4"
6/29/24,91,SK,UN,Y,5,91,"Black Pt, Area 3-4"
6/29/24,92,SK,UN,Y,5,92,"Black Pt, Area 3-4"
6/29/24,93,SK,UN,Y,5,93,"Black Pt, Area 3-4"
6/29/24,94,SK,UN,Y,5,94,"Black Pt, Area 3-4"
6/29/24,95,SK,UN,Y,5,95,"Black Pt, Area 3-4"
6/29/24,96,SK,UN,Y,5,96,"Black Pt, Area 3-4"
6/29/24,97,SK,UN,Y,5,97,"Black Pt, Area 3-4"
6/29/24,98,SK,UN,Y,5,98,"Black Pt, Area 3-4"
6/29/24,99,SK,UN,Y,5,99,"Black Pt, Area 3-4"
6/29/24,100,SK,UN,Y,5,100,"Black Pt, Area 3-4"
6/29/24,101,SK,UN,Y,6,101,"Elliot Pt, Area 3-7"
6/29/24,102,SK,UN,Y,6,102,"Elliot Pt, Area 3-7"
6/29/24,103,SK,UN,Y,6,103,"Elliot Pt, Area 3-7"
6/29/24,104,SK,UN,Y,6,104,"Elliot Pt, Area 3-7"
6/29/24,105,SK,UN,Y,6,105,"Elliot Pt, Area 3-7"
6/29/24,106,SK,UN,Y,6,106,"Elliot Pt, Area 3-7"
6/29/24,107,SK,UN,Y,6,107,"Elliot Pt, Area 3-7"
6/29/24,108,SK,UN,Y,6,108,"Elliot Pt, Area 3-7"
6/29/24,109,SK,UN,Y,6,109,"Elliot Pt, Area 3-7"
6/29/24,110,SK,UN,Y,6,110,"Elliot Pt, Area 3-7"
6/29/24,111,SK,UN,Y,6,111,"Elliot Pt, Area 3-7"
6/29/24,112,SK,UN,Y,6,112,"Elliot Pt, Area 3-7"
6/29/24,113,SK,UN,Y,6,113,"Elliot Pt, Area 3-7"
6/29/24,114,SK,UN,Y,6,114,"Elliot Pt, Area 3-7"
6/29/24,115,SK,UN,Y,6,115,"Elliot Pt, Area 3-7"
6/29/24,116,SK,UN,Y,6,116,"Elliot Pt, Area 3-7"
6/29/24,117,SK,UN,Y,6,117,"Elliot Pt, Area 3-7"
6/29/24,118,SK,UN,Y,6,118,"Elliot Pt, Area 3-7"
6/29/24,119,SK,UN,Y,6,119,"Elliot Pt, Area 3-7"
6/29/24,120,SK,UN,Y,6,120,"Elliot Pt, Area 3-7"
6/29/24,121,SK,UN,Y,7,121,"Elliot Pt, Area 3-7"
6/29/24,122,SK,UN,Y,7,122,"Elliot Pt, Area 3-7"
6/29/24,123,SK,UN,Y,7,123,"Elliot Pt, Area 3-7"
6/29/24,124,SK,UN,Y,7,124,"Elliot Pt, Area 3-7"
6/29/24,125,SK,UN,Y,7,125,"Elliot Pt, Area 3-7"
6/29/24,126,SK,UN,Y,7,126,"Elliot Pt, Area 3-7"
6/29/24,127,SK,UN,Y,7,127,"Elliot Pt, Area 3-7"
6/29/24,128,SK,UN,Y,7,128,"Elliot Pt, Area 3-7"
6/29/24,129,SK,UN,Y,7,129,"Elliot Pt, Area 3-7"
6/29/24,130,SK,UN,Y,7,130,"Elliot Pt, Area 3-7"
6/29/24,131,SK,UN,Y,7,131,"Elliot Pt, Area 3-7"
6/29/24,132,SK,UN,Y,7,132,"Elliot Pt, Area 3-7"
6/29/24,133,SK,UN,Y,7,133,"Elliot Pt, Area 3-7"
6/29/24,134,SK,UN,Y,7,134,"Elliot Pt, Area 3-7"
6/29/24,135,SK,UN,Y,7,135,"Elliot Pt, Area 3-7"
6/29/24,136,SK,UN,Y,7,136,"Elliot Pt, Area 3-7"
6/29/24,137,SK,UN,Y,7,137,"Elliot Pt, Area 3-7"
6/29/24,138,SK,UN,Y,7,138,"Elliot Pt, Area 3-7"
6/29/24,139,SK,UN,Y,7,139,"Elliot Pt, Area 3-7"
6/29/24,140,SK,UN,Y,7,140,"Elliot Pt, Area 3-7"
6/29/24,141,SK,UN,Y,7,141,"Elliot Pt, Area 3-7"
6/29/24,142,SK,UN,Y,7,142,"Elliot Pt, Area 3-7"
6/29/24,143,SK,UN,Y,7,143,"Elliot Pt, Area 3-7"
6/29/24,144,SK,UN,Y,7,144,"Elliot Pt, Area 3-7"
6/29/24,145,SK,UN,Y,7,145,"Elliot Pt, Area 3-7"
6/29/24,146,SK,UN,Y,8,146,"Black Pt, Area 3-7"
6/29/24,147,SK,UN,Y,8,147,"Black Pt, Area 3-7"
6/29/24,148,SK,UN,Y,8,148,"Black Pt, Area 3-7"
6/29/24,149,SK,UN,Y,8,149,"Black Pt, Area 3-7"
6/29/24,150,SK,UN,Y,8,150,"Black Pt, Area 3-7"
6/29/24,151,SK,UN,Y,8,151,"Black Pt, Area 3-7"
6/29/24,152,SK,UN,Y,8,152,"Black Pt, Area 3-7"
6/29/24,153,SK,UN,Y,8,153,"Black Pt, Area 3-7"
6/29/24,154,SK,UN,Y,8,154,"Black Pt, Area 3-7"
6/29/24,155,SK,UN,Y,8,155,"Black Pt, Area 3-7"
6/29/24,156,SK,UN,Y,8,156,"Black Pt, Area 3-7"
6/29/24,157,SK,UN,Y,8,157,"Black Pt, Area 3-7"
6/29/24,158,SK,UN,Y,8,158,"Black Pt, Area 3-7"
6/29/24,159,SK,UN,Y,8,159,"Black Pt, Area 3-7"
6/29/24,160,SK,UN,Y,9,160,"Black Pt, Area 3-7"
6/29/24,161,SK,UN,Y,9,161,"Black Pt, Area 3-7"
6/29/24,162,SK,UN,Y,9,162,"Black Pt, Area 3-7"
6/29/24,163,SK,UN,Y,9,163,"Black Pt, Area 3-7"
6/29/24,164,SK,UN,Y,9,164,"Black Pt, Area 3-7"
6/29/24,165,SK,UN,Y,9,165,"Black Pt, Area 3-7"
6/29/24,166,SK,UN,Y,9,166,"Black Pt, Area 3-7"
6/29/24,167,SK,UN,Y,9,167,"Black Pt, Area 3-7"
6/29/24,168,SK,UN,Y,9,168,"Black Pt, Area 3-7"
6/29/24,169,SK,UN,Y,9,169,"Black Pt, Area 3-7"
6/29/24,170,SK,UN,Y,9,170,"Black Pt, Area 3-7"
6/29/24,171,SK,UN,Y,9,171,"Black Pt, Area 3-7"
6/29/24,172,SK,UN,Y,9,172,"Black Pt, Area 3-7"
6/29/24,173,SK,UN,Y,9,173,"Black Pt, Area 3-7"
6/29/24,174,SK,UN,Y,9,174,"Black Pt, Area 3-7"
6/29/24,175,SK,UN,Y,9,175,"Black Pt, Area 3-7"
6/30/24,176,SK,UN,Y,9,176,"Dundas, Area 3-1"
6/30/24,177,SK,UN,Y,9,177,"Dundas, Area 3-1"
6/30/24,178,SK,UN,Y,9,178,"Dundas, Area 3-1"
6/30/24,179,SK,UN,Y,9,179,"Dundas, Area 3-1"
6/30/24,180,SK,UN,Y,9,180,"Dundas, Area 3-1"
6/30/24,181,SK,UN,Y,10,181,"Dundas, Area 3-1"
6/30/24,182,SK,UN,Y,10,182,"Dundas, Area 3-1"
6/30/24,183,SK,UN,Y,10,183,"Dundas, Area 3-1"
6/30/24,184,SK,UN,Y,10,184,"Dundas, Area 3-1"
6/30/24,185,SK,UN,Y,10,185,"Dundas, Area 3-1"
6/30/24,186,SK,UN,Y,10,186,"Dundas, Area 3-1"
6/30/24,187,SK,UN,Y,10,187,"Dundas, Area 3-1"
6/30/24,188,SK,UN,Y,10,188,"Dundas, Area 3-1"
6/30/24,189,SK,UN,Y,10,189,"Dundas, Area 3-1"
6/30/24,190,SK,UN,Y,10,190,"Dundas, Area 3-1"
6/30/24,191,SK,UN,Y,10,191,"Dundas, Area 3-1"
6/30/24,192,SK,UN,Y,10,192,"Dundas, Area 3-1"
6/30/24,193,SK,UN,Y,10,193,"Dundas, Area 3-1"
6/30/24,194,SK,UN,Y,10,194,"Dundas, Area 3-1"
6/30/24,195,SK,UN,Y,10,195,"Dundas, Area 3-1"
6/30/24,196,SK,UN,Y,10,196,"Dundas, Area 3-1"
6/30/24,197,SK,UN,Y,10,197,"Dundas, Area 3-1"
6/30/24,198,SK,UN,Y,10,198,"Dundas, Area 3-1"
6/30/24,199,SK,UN,Y,10,199,"Dundas, Area 3-1"
6/30/24,200,SK,UN,Y,10,200,"Dundas, Area 3-1"
6/30/24,201,SK,UN,Y,11,201,"Black Pt, Area 3-4"
6/30/24,202,SK,UN,Y,11,202,"Black Pt, Area 3-4"
6/30/24,203,SK,UN,Y,11,203,"Black Pt, Area 3-4"
6/30/24,204,SK,UN,Y,11,204,"Black Pt, Area 3-4"
6/30/24,205,SK,UN,Y,11,205,"Black Pt, Area 3-4"
6/30/24,206,SK,UN,Y,11,206,"Black Pt, Area 3-4"
6/30/24,207,SK,UN,Y,11,207,"Black Pt, Area 3-4"
6/30/24,208,SK,UN,Y,11,208,"Black Pt, Area 3-4"
6/30/24,209,SK,UN,Y,11,209,"Black Pt, Area 3-4"
6/30/24,210,SK,UN,Y,11,210,"Black Pt, Area 3-4"
6/30/24,211,SK,UN,Y,11,211,"Black Pt, Area 3-4"
6/30/24,212,SK,UN,Y,11,212,"Black Pt, Area 3-4"
6/30/24,213,SK,UN,Y,11,213,"Black Pt, Area 3-4"
6/30/24,214,SK,UN,Y,11,214,"Black Pt, Area 3-4"
6/30/24,215,SK,UN,Y,11,215,"Black Pt, Area 3-4"
6/30/24,216,SK,UN,Y,11,216,"Black Pt, Area 3-4"
6/30/24,217,SK,UN,Y,11,217,"Black Pt, Area 3-4"
6/30/24,218,SK,UN,Y,11,218,"Black Pt, Area 3-4"
6/30/24,219,SK,UN,Y,11,219,"Black Pt, Area 3-4"
6/30/24,220,SK,UN,Y,11,220,"Black Pt, Area 3-4"
6/30/24,221,SK,UN,Y,12,221,"Black Pt, Area 3-4"
6/30/24,222,SK,UN,Y,12,222,"Black Pt, Area 3-4"
6/30/24,223,SK,UN,Y,12,223,"Black Pt, Area 3-4"
6/30/24,224,SK,UN,Y,12,224,"Black Pt, Area 3-4"
6/30/24,225,SK,UN,Y,12,225,"Black Pt, Area 3-4"
6/30/24,226,SK,UN,Y,12,226,N. Finlayson Area 4-5
6/30/24,227,SK,UN,Y,12,227,N. Finlayson Area 4-5
6/30/24,228,SK,UN,Y,12,228,N. Finlayson Area 4-5
6/30/24,229,SK,UN,Y,12,229,N. Finlayson Area 4-5
6/30/24,230,SK,UN,Y,12,230,N. Finlayson Area 4-5
6/30/24,231,SK,UN,Y,12,231,N. Finlayson Area 4-5
6/30/24,232,SK,UN,Y,12,232,N. Finlayson Area 4-5
6/30/24,233,SK,UN,Y,12,233,N. Finlayson Area 4-5
6/30/24,234,SK,UN,Y,12,234,N. Finlayson Area 4-5
6/30/24,235,SK,UN,Y,12,235,N. Finlayson Area 4-5
6/30/24,236,SK,UN,Y,12,236,N. Finlayson Area 4-5
6/30/24,237,SK,UN,Y,12,237,N. Finlayson Area 4-5
6/30/24,238,SK,UN,Y,12,238,N. Finlayson Area 4-5
6/30/24,239,SK,UN,Y,12,239,N. Finlayson Area 4-5
6/30/24,240,SK,UN,Y,12,240,N. Finlayson Area 4-5
6/30/24,241,SK,UN,Y,13,241,N. Finlayson Area 4-5
6/30/24,242,SK,UN,Y,13,242,N. Finlayson Area 4-5
6/30/24,243,SK,UN,Y,13,243,N. Finlayson Area 4-5
6/30/24,244,SK,UN,Y,13,244,N. Finlayson Area 4-5
6/30/24,245,SK,UN,Y,13,245,N. Finlayson Area 4-5
6/30/24,246,SK,UN,Y,13,246,N. Finlayson Area 4-5
6/30/24,247,SK,UN,Y,13,247,N. Finlayson Area 4-5
6/30/24,248,SK,UN,Y,13,248,N. Finlayson Area 4-5
6/30/24,249,SK,UN,Y,13,249,N. Finlayson Area 4-5
6/30/24,250,SK,UN,Y,13,250,N. Finlayson Area 4-5
7/1/24,251,SK,UN,Y,13,251,N. Finlayson Area 4-5
7/1/24,252,SK,UN,Y,13,252,N. Finlayson Area 4-5
7/1/24,253,SK,UN,Y,13,253,N. Finlayson Area 4-5
7/1/24,254,SK,UN,Y,13,254,N. Finlayson Area 4-5
7/1/24,255,SK,UN,Y,13,255,N. Finlayson Area 4-5
7/1/24,256,SK,UN,Y,13,256,N. Finlayson Area 4-5
7/1/24,257,SK,UN,Y,13,257,N. Finlayson Area 4-5
7/1/24,258,SK,UN,Y,13,258,N. Finlayson Area 4-5
7/1/24,259,SK,UN,Y,13,259,N. Finlayson Area 4-5
7/1/24,260,SK,UN,Y,13,260,N. Finlayson Area 4-5
7/1/24,261,SK,UN,Y,14,261,"Sandy Beach, Area 3-7"
7/1/24,262,SK,UN,Y,14,262,"Sandy Beach, Area 3-7"
7/1/24,263,SK,UN,Y,14,263,"Sandy Beach, Area 3-7"
7/1/24,264,SK,UN,Y,14,264,"Sandy Beach, Area 3-7"
7/1/24,265,SK,UN,Y,14,265,"Sandy Beach, Area 3-7"
7/1/24,266,SK,UN,Y,14,266,"Sandy Beach, Area 3-7"
7/1/24,267,SK,UN,Y,14,267,"Sandy Beach, Area 3-7"
7/1/24,268,SK,UN,Y,14,268,"Sandy Beach, Area 3-7"
7/1/24,269,SK,UN,Y,14,269,"Sandy Beach, Area 3-7"
7/1/24,270,SK,UN,Y,14,270,"Sandy Beach, Area 3-7"
7/1/24,271,SK,UN,Y,14,271,"Sandy Beach, Area 3-7"
7/1/24,272,SK,UN,Y,14,272,"Sandy Beach, Area 3-7"
7/1/24,273,SK,UN,Y,14,273,"Sandy Beach, Area 3-7"
7/1/24,274,SK,UN,Y,14,274,"Sandy Beach, Area 3-7"
7/1/24,275,SK,UN,Y,14,275,"Sandy Beach, Area 3-7"
7/1/24,276,SK,UN,Y,14,276,"Black Pt, Area 3-4"
7/1/24,277,SK,UN,Y,14,277,"Black Pt, Area 3-4"
7/1/24,278,SK,UN,Y,14,278,"Black Pt, Area 3-4"
7/1/24,279,SK,UN,Y,14,279,"Black Pt, Area 3-4"
7/1/24,280,SK,UN,Y,14,280,"Black Pt, Area 3-4"
7/1/24,281,SK,UN,Y,15,281,"Black Pt, Area 3-4"
7/1/24,282,SK,UN,Y,15,282,"Black Pt, Area 3-4"
7/1/24,283,SK,UN,Y,15,283,"Black Pt, Area 3-4"
7/1/24,284,SK,UN,Y,15,284,"Black Pt, Area 3-4"
7/1/24,285,SK,UN,Y,15,285,"Black Pt, Area 3-4"
7/1/24,286,SK,UN,Y,15,286,"Black Pt, Area 3-4"
7/1/24,287,SK,UN,Y,15,287,"Black Pt, Area 3-4"
7/1/24,288,SK,UN,Y,15,288,"Black Pt, Area 3-4"
7/1/24,289,SK,UN,Y,15,289,"Black Pt, Area 3-4"
7/1/24,290,SK,UN,Y,15,290,"Black Pt, Area 3-4"
7/1/24,291,SK,UN,Y,15,291,"Black Pt, Area 3-4"
7/1/24,292,SK,UN,Y,15,292,"Black Pt, Area 3-4"
7/1/24,293,SK,UN,Y,15,293,"Black Pt, Area 3-4"
7/1/24,294,SK,UN,Y,15,294,"Black Pt, Area 3-4"
7/1/24,295,SK,UN,Y,15,295,"Black Pt, Area 3-4"
7/1/24,296,SK,UN,Y,15,296,"Black Pt, Area 3-4"
7/1/24,297,SK,UN,Y,15,297,"Black Pt, Area 3-4"
7/1/24,298,SK,UN,Y,15,298,"Black Pt, Area 3-4"
7/1/24,299,SK,UN,Y,15,299,"Black Pt, Area 3-4"
7/1/24,300,SK,UN,Y,15,300,"Black Pt, Area 3-4"
7/1/24,301,SK,UN,Y,16,301,"Sandy Beach, Area 3-7"
7/1/24,302,SK,UN,Y,16,302,"Sandy Beach, Area 3-7"
7/1/24,303,SK,UN,Y,16,303,"Sandy Beach, Area 3-7"
7/1/24,304,SK,UN,Y,16,304,"Sandy Beach, Area 3-7"
7/1/24,305,SK,UN,Y,16,305,"Sandy Beach, Area 3-7"
7/1/24,306,SK,UN,Y,16,306,"Sandy Beach, Area 3-7"
7/1/24,307,SK,UN,Y,16,307,"Sandy Beach, Area 3-7"
7/1/24,308,SK,UN,Y,16,308,"Sandy Beach, Area 3-7"
7/1/24,309,SK,UN,Y,16,309,"Sandy Beach, Area 3-7"
7/1/24,310,SK,UN,Y,16,310,"Sandy Beach, Area 3-7"
7/1/24,311,SK,UN,Y,16,311,"Sandy Beach, Area 3-7"
7/1/24,312,SK,UN,Y,16,312,"Sandy Beach, Area 3-7"
7/1/24,313,SK,UN,Y,16,313,"Sandy Beach, Area 3-7"
7/1/24,314,SK,UN,Y,16,314,"Sandy Beach, Area 3-7"
7/1/24,315,SK,UN,Y,16,315,"Sandy Beach, Area 3-7"
7/1/24,316,SK,UN,Y,16,316,"Sandy Beach, Area 3-7"
7/1/24,317,SK,UN,Y,16,317,"Sandy Beach, Area 3-7"
7/1/24,318,SK,UN,Y,16,318,"Sandy Beach, Area 3-7"
7/1/24,319,SK,UN,Y,16,319,"Sandy Beach, Area 3-7"
7/1/24,320,SK,UN,Y,16,320,"Sandy Beach, Area 3-7"
7/1/24,321,SK,UN,Y,17,321,"Sandy Beach, Area 3-7"
7/1/24,322,SK,UN,Y,17,322,"Sandy Beach, Area 3-7"
7/1/24,323,SK,UN,Y,17,323,"Sandy Beach, Area 3-7"
7/1/24,324,SK,UN,Y,17,324,"Sandy Beach, Area 3-7"
7/1/24,325,SK,UN,Y,17,325,"Sandy Beach, Area 3-7"
7/1/24,326,SK,UN,Y,17,326,"Sandy Beach, Area 3-7"
7/1/24,327,SK,UN,Y,17,327,"Sandy Beach, Area 3-7"
7/1/24,328,SK,UN,Y,17,328,"Sandy Beach, Area 3-7"
7/1/24,329,SK,UN,Y,17,329,"Sandy Beach, Area 3-7"
7/1/24,330,SK,UN,Y,17,330,"Sandy Beach, Area 3-7"
7/1/24,331,SK,UN,Y,17,331,"Sandy Beach, Area 3-7"
7/1/24,332,SK,UN,Y,17,332,"Sandy Beach, Area 3-7"
7/1/24,333,SK,UN,Y,17,333,"Sandy Beach, Area 3-7"
7/1/24,334,SK,UN,Y,17,334,"Sandy Beach, Area 3-7"
7/1/24,335,SK,UN,Y,17,335,"Sandy Beach, Area 3-7"
7/1/24,336,SK,UN,Y,17,336,N. Finlayson Area 4-5
7/1/24,337,SK,UN,Y,17,337,N. Finlayson Area 4-5
7/1/24,338,SK,UN,Y,17,338,N. Finlayson Area 4-5
7/1/24,339,SK,UN,Y,17,339,N. Finlayson Area 4-5
7/1/24,340,SK,UN,Y,17,340,N. Finlayson Area 4-5
7/1/24,341,SK,UN,Y,18,341,N. Finlayson Area 4-5
7/1/24,342,SK,UN,Y,18,342,N. Finlayson Area 4-5
7/1/24,343,SK,UN,Y,18,343,N. Finlayson Area 4-5
7/1/24,344,SK,UN,Y,18,344,N. Finlayson Area 4-5
7/1/24,345,SK,UN,Y,18,345,N. Finlayson Area 4-5
7/1/24,346,SK,UN,Y,18,346,N. Finlayson Area 4-5
7/1/24,347,SK,UN,Y,18,347,N. Finlayson Area 4-5
7/1/24,348,SK,UN,Y,18,348,N. Finlayson Area 4-5
7/1/24,349,SK,UN,Y,18,349,N. Finlayson Area 4-5
7/1/24,350,SK,UN,Y,18,350,N. Finlayson Area 4-5
7/2/24,351,SK,UN,Y,18,351,N. Finlayson Area 4-5
7/2/24,352,SK,UN,Y,18,352,N. Finlayson Area 4-5
7/2/24,353,SK,UN,Y,18,353,N. Finlayson Area 4-5
7/2/24,354,SK,UN,Y,18,354,N. Finlayson Area 4-5
7/2/24,355,SK,UN,Y,18,355,N. Finlayson Area 4-5
7/2/24,356,SK,UN,Y,18,356,N. Finlayson Area 4-5
7/2/24,357,SK,UN,Y,18,357,N. Finlayson Area 4-5
7/2/24,358,SK,UN,Y,18,358,N. Finlayson Area 4-5
7/2/24,359,SK,UN,Y,18,359,N. Finlayson Area 4-5
7/2/24,360,SK,UN,Y,18,360,N. Finlayson Area 4-5
7/2/24,361,SK,UN,Y,19,361,N. Finlayson Area 4-5
7/2/24,362,SK,UN,Y,19,362,N. Finlayson Area 4-5
7/2/24,363,SK,UN,Y,19,363,N. Finlayson Area 4-5
7/2/24,364,SK,UN,Y,19,364,N. Finlayson Area 4-5
7/2/24,365,SK,UN,Y,19,365,N. Finlayson Area 4-5
7/2/24,366,SK,UN,Y,19,366,N. Finlayson Area 4-5
7/2/24,367,SK,UN,Y,19,367,N. Finlayson Area 4-5
7/2/24,368,SK,UN,Y,19,368,N. Finlayson Area 4-5
7/2/24,369,SK,UN,Y,19,369,N. Finlayson Area 4-5
7/2/24,370,SK,UN,Y,19,370,N. Finlayson Area 4-5
7/2/24,371,SK,UN,Y,19,371,N. Finlayson Area 4-5
7/2/24,372,SK,UN,Y,19,372,N. Finlayson Area 4-5
7/2/24,373,SK,UN,Y,19,373,N. Finlayson Area 4-5
7/2/24,374,SK,UN,Y,19,374,N. Finlayson Area 4-5
7/2/24,375,SK,UN,Y,19,375,N. Finlayson Area 4-5
7/3/24,376,SK,UN,Y,19,376,N. Finlayson Area 4-5
7/3/24,377,SK,UN,Y,19,377,N. Finlayson Area 4-5
7/3/24,378,SK,UN,Y,19,378,N. Finlayson Area 4-5
7/3/24,379,SK,UN,Y,19,379,N. Finlayson Area 4-5
7/3/24,380,SK,UN,Y,19,380,N. Finlayson Area 4-5
7/3/24,381,SK,UN,Y,20,381,N. Finlayson Area 4-5
7/3/24,382,SK,UN,Y,20,382,N. Finlayson Area 4-5
7/3/24,383,SK,UN,Y,20,383,N. Finlayson Area 4-5
7/3/24,384,SK,UN,Y,20,384,N. Finlayson Area 4-5
7/3/24,385,SK,UN,Y,20,385,N. Finlayson Area 4-5
7/3/24,386,SK,UN,Y,20,386,N. Finlayson Area 4-5
7/3/24,387,SK,UN,Y,20,387,N. Finlayson Area 4-5
7/3/24,388,SK,UN,Y,20,388,N. Finlayson Area 4-5
7/3/24,389,SK,UN,Y,20,389,N. Finlayson Area 4-5
7/3/24,390,SK,UN,Y,20,390,N. Finlayson Area 4-5
7/3/24,391,SK,UN,Y,20,391,N. Finlayson Area 4-5
7/3/24,392,SK,UN,Y,20,392,N. Finlayson Area 4-5
7/3/24,393,SK,UN,Y,20,393,N. Finlayson Area 4-5
7/3/24,394,SK,UN,Y,20,394,N. Finlayson Area 4-5
7/3/24,395,SK,UN,Y,20,395,N. Finlayson Area 4-5
7/3/24,396,SK,UN,Y,20,396,N. Finlayson Area 4-5
7/3/24,397,SK,UN,Y,20,397,N. Finlayson Area 4-5
7/3/24,398,SK,UN,Y,20,398,N. Finlayson Area 4-5
7/3/24,399,SK,UN,Y,20,399,N. Finlayson Area 4-5
7/3/24,400,SK,UN,Y,20,400,N. Finlayson Area 4-5
7/3/24,401,SK,UN,Y,21,401,"Black Pt, Area 3-4"
7/3/24,402,SK,UN,Y,21,402,"Black Pt, Area 3-4"
7/3/24,403,SK,UN,Y,21,403,"Black Pt, Area 3-4"
7/3/24,404,SK,UN,Y,21,404,"Black Pt, Area 3-4"
7/3/24,405,SK,UN,Y,21,405,"Black Pt, Area 3-4"
7/3/24,406,SK,UN,Y,21,406,"Black Pt, Area 3-4"
7/3/24,407,SK,UN,Y,21,407,"Black Pt, Area 3-4"
7/3/24,408,SK,UN,Y,21,408,"Black Pt, Area 3-4"
7/3/24,409,SK,UN,Y,21,409,"Black Pt, Area 3-4"
7/3/24,410,SK,UN,Y,21,410,"Black Pt, Area 3-4"
7/3/24,411,SK,UN,Y,21,411,"Black Pt, Area 3-4"
7/3/24,412,SK,UN,Y,21,412,"Black Pt, Area 3-4"
7/3/24,413,SK,UN,Y,21,413,"Black Pt, Area 3-4"
7/3/24,414,SK,UN,Y,21,414,"Black Pt, Area 3-4"
7/3/24,415,SK,UN,Y,21,415,"Black Pt, Area 3-4"
7/3/24,416,SK,UN,Y,21,416,"Black Pt, Area 3-4"
7/3/24,417,SK,UN,Y,21,417,"Black Pt, Area 3-4"
7/3/24,418,SK,UN,Y,21,418,"Black Pt, Area 3-4"
7/3/24,419,SK,UN,Y,21,419,"Black Pt, Area 3-4"
7/3/24,420,SK,UN,Y,21,420,"Black Pt, Area 3-4"
7/3/24,421,SK,UN,Y,22,421,"Black Pt, Area 3-4"
7/3/24,422,SK,UN,Y,22,422,"Black Pt, Area 3-4"
7/3/24,423,SK,UN,Y,22,423,"Black Pt, Area 3-4"
7/3/24,424,SK,UN,Y,22,424,"Black Pt, Area 3-4"
7/3/24,425,SK,UN,Y,22,425,"Black Pt, Area 3-4"
7/6/24,426,SK,UN,Y,22,426,N. Finlayson Area 4-5
7/6/24,427,SK,UN,Y,22,427,N. Finlayson Area 4-5
7/6/24,428,SK,UN,Y,22,428,N. Finlayson Area 4-5
7/6/24,429,SK,UN,Y,22,429,N. Finlayson Area 4-5
7/6/24,430,SK,UN,Y,22,430,N. Finlayson Area 4-5
7/6/24,431,SK,UN,Y,22,431,N. Finlayson Area 4-5
7/6/24,432,SK,UN,Y,22,432,N. Finlayson Area 4-5
7/6/24,433,SK,UN,Y,22,433,N. Finlayson Area 4-5
7/6/24,434,SK,UN,Y,22,434,N. Finlayson Area 4-5
7/6/24,435,SK,UN,Y,22,435,N. Finlayson Area 4-5
7/6/24,436,SK,UN,Y,22,436,N. Finlayson Area 4-5
7/6/24,437,SK,UN,Y,22,437,N. Finlayson Area 4-5
7/6/24,438,SK,UN,Y,22,438,N. Finlayson Area 4-5
7/6/24,439,SK,UN,Y,22,439,N. Finlayson Area 4-5
7/6/24,440,SK,UN,Y,22,440,N. Finlayson Area 4-5
7/6/24,441,SK,UN,Y,23,441,N. Finlayson Area 4-5
7/6/24,442,SK,UN,Y,23,442,N. Finlayson Area 4-5
7/6/24,443,SK,UN,Y,23,443,N. Finlayson Area 4-5
7/6/24,444,SK,UN,Y,23,444,N. Finlayson Area 4-5
7/6/24,445,SK,UN,Y,23,445,N. Finlayson Area 4-5
7/6/24,446,SK,UN,Y,23,446,N. Finlayson Area 4-5
7/6/24,447,SK,UN,Y,23,447,N. Finlayson Area 4-5
7/6/24,448,SK,UN,Y,23,448,N. Finlayson Area 4-5
7/6/24,449,SK,UN,Y,23,449,N. Finlayson Area 4-5
7/6/24,450,SK,UN,Y,23,450,N. Finlayson Area 4-5
7/6/24,451,SK,UN,Y,23,451,N. Finlayson Area 4-5
7/6/24,452,SK,UN,Y,23,452,N. Finlayson Area 4-5
7/6/24,453,SK,UN,Y,23,453,N. Finlayson Area 4-5
7/6/24,454,SK,UN,Y,23,454,N. Finlayson Area 4-5
7/6/24,455,SK,UN,Y,23,455,N. Finlayson Area 4-5
7/6/24,456,SK,UN,Y,23,456,N. Finlayson Area 4-5
7/6/24,457,SK,UN,Y,23,457,N. Finlayson Area 4-5
7/6/24,458,SK,UN,Y,23,458,N. Finlayson Area 4-5
7/6/24,459,SK,UN,Y,23,459,N. Finlayson Area 4-5
7/6/24,460,SK,UN,Y,23,460,N. Finlayson Area 4-5
7/6/24,461,SK,UN,Y,24,461,N. Finlayson Area 4-5
7/6/24,462,SK,UN,Y,24,462,N. Finlayson Area 4-5
7/6/24,463,SK,UN,Y,24,463,N. Finlayson Area 4-5
7/6/24,464,SK,UN,Y,24,464,N. Finlayson Area 4-5
7/6/24,465,SK,UN,Y,24,465,N. Finlayson Area 4-5
7/6/24,466,SK,UN,Y,24,466,N. Finlayson Area 4-5
7/6/24,467,SK,UN,Y,24,467,N. Finlayson Area 4-5
7/6/24,468,SK,UN,Y,24,468,N. Finlayson Area 4-5
7/6/24,469,SK,UN,Y,24,469,N. Finlayson Area 4-5
7/6/24,470,SK,UN,Y,24,470,N. Finlayson Area 4-5
7/6/24,471,SK,UN,Y,24,471,N. Finlayson Area 4-5
7/6/24,472,SK,UN,Y,24,472,N. Finlayson Area 4-5
7/6/24,473,SK,UN,Y,24,473,N. Finlayson Area 4-5
7/6/24,474,SK,UN,Y,24,474,N. Finlayson Area 4-5
7/7/24,475,SK,UN,Y,24,475,N. Finlayson Area 4-5
7/7/24,476,SK,UN,Y,24,476,N. Finlayson Area 4-5
7/7/24,477,SK,UN,Y,24,477,N. Finlayson Area 4-5
7/7/24,478,SK,UN,Y,24,478,N. Finlayson Area 4-5
7/7/24,479,SK,UN,Y,24,479,N. Finlayson Area 4-5
7/7/24,480,SK,UN,Y,24,480,N. Finlayson Area 4-5
7/7/24,481,SK,UN,Y,25,481,N. Finlayson Area 4-5
7/7/24,482,SK,UN,Y,25,482,N. Finlayson Area 4-5
7/7/24,483,SK,UN,Y,25,483,N. Finlayson Area 4-5
7/7/24,484,SK,UN,Y,25,484,N. Finlayson Area 4-5
7/7/24,485,SK,UN,Y,25,485,N. Finlayson Area 4-5
7/7/24,486,SK,UN,Y,25,486,N. Finlayson Area 4-5
7/7/24,487,SK,UN,Y,25,487,N. Finlayson Area 4-5
7/7/24,488,SK,UN,Y,25,488,N. Finlayson Area 4-5
7/7/24,489,SK,UN,Y,25,489,N. Finlayson Area 4-5
7/7/24,490,SK,UN,Y,25,490,N. Finlayson Area 4-5
7/7/24,491,SK,UN,Y,25,491,N. Finlayson Area 4-5
7/7/24,492,SK,UN,Y,25,492,N. Finlayson Area 4-5
7/7/24,493,SK,UN,Y,25,493,N. Finlayson Area 4-5
7/7/24,494,SK,UN,Y,25,494,N. Finlayson Area 4-5
7/7/24,495,SK,UN,Y,25,495,N. Finlayson Area 4-5
7/7/24,496,SK,UN,Y,25,496,N. Finlayson Area 4-5
7/7/24,497,SK,UN,Y,25,497,N. Finlayson Area 4-5
7/7/24,498,SK,UN,Y,25,498,N. Finlayson Area 4-5
7/7/24,499,SK,UN,Y,25,499,N. Finlayson Area 4-5
7/7/24,500,SK,UN,Y,25,500,N. Finlayson Area 4-5
7/7/24,501,SK,UN,Y,26,501,N. Finlayson Area 4-5
7/7/24,502,SK,UN,Y,26,502,N. Finlayson Area 4-5
7/7/24,503,SK,UN,Y,26,503,N. Finlayson Area 4-5
7/7/24,504,SK,UN,Y,26,504,N. Finlayson Area 4-5
7/7/24,505,SK,UN,Y,26,505,N. Finlayson Area 4-5
7/7/24,506,SK,UN,Y,26,506,N. Finlayson Area 4-5
7/7/24,507,SK,UN,Y,26,507,N. Finlayson Area 4-5
7/7/24,508,SK,UN,Y,26,508,N. Finlayson Area 4-5
7/7/24,509,SK,UN,Y,26,509,N. Finlayson Area 4-5
7/7/24,510,SK,UN,Y,26,510,N. Finlayson Area 4-5
7/7/24,511,SK,UN,Y,26,511,N. Finlayson Area 4-5
7/7/24,512,SK,UN,Y,26,512,N. Finlayson Area 4-5
7/7/24,513,SK,UN,Y,26,513,N. Finlayson Area 4-5
7/7/24,514,SK,UN,Y,26,514,N. Finlayson Area 4-5
7/7/24,515,SK,UN,Y,26,515,N. Finlayson Area 4-5
7/11/24,516,SK,UN,Y,26,516,N. Finlayson Area 4-5
7/11/24,517,SK,UN,Y,26,517,N. Finlayson Area 4-5
7/11/24,518,SK,UN,Y,26,518,N. Finlayson Area 4-5
7/11/24,519,SK,UN,Y,26,519,N. Finlayson Area 4-5
7/11/24,520,SK,UN,Y,26,520,N. Finlayson Area 4-5
7/11/24,521,SK,UN,Y,27,521,N. Finlayson Area 4-5
7/11/24,522,SK,UN,Y,27,522,N. Finlayson Area 4-5
7/11/24,523,SK,UN,Y,27,523,N. Finlayson Area 4-5
7/11/24,524,SK,UN,Y,27,524,N. Finlayson Area 4-5
7/11/24,525,SK,UN,Y,27,525,N. Finlayson Area 4-5
7/11/24,526,SK,UN,Y,27,526,N. Finlayson Area 4-5
7/11/24,527,SK,UN,Y,27,527,N. Finlayson Area 4-5
7/11/24,528,SK,UN,Y,27,528,N. Finlayson Area 4-5
7/11/24,529,SK,UN,Y,27,529,N. Finlayson Area 4-5
7/11/24,530,SK,UN,Y,27,530,N. Finlayson Area 4-5
7/11/24,531,SK,UN,Y,27,531,N. Finlayson Area 4-5
7/11/24,532,SK,UN,Y,27,532,N. Finlayson Area 4-5
7/11/24,533,SK,UN,Y,27,533,N. Finlayson Area 4-5
7/11/24,534,SK,UN,Y,27,534,N. Finlayson Area 4-5
7/11/24,535,SK,UN,Y,27,535,N. Finlayson Area 4-5
7/11/24,536,SK,UN,Y,27,536,N. Finlayson Area 4-5
7/11/24,537,SK,UN,Y,27,537,N. Finlayson Area 4-5
7/11/24,538,SK,UN,Y,27,538,N. Finlayson Area 4-5
7/11/24,539,SK,UN,Y,27,539,N. Finlayson Area 4-5
7/11/24,540,SK,UN,Y,27,540,N. Finlayson Area 4-5
7/14/24,541,SK,UN,Y,28,541,N. Finlayson Area 4-5
7/14/24,542,SK,UN,Y,28,542,N. Finlayson Area 4-5
7/14/24,543,SK,UN,Y,28,543,N. Finlayson Area 4-5
7/14/24,544,SK,UN,Y,28,544,N. Finlayson Area 4-5
7/14/24,545,SK,UN,Y,28,545,N. Finlayson Area 4-5
7/14/24,546,SK,UN,Y,28,546,N. Finlayson Area 4-5
7/14/24,547,SK,UN,Y,28,547,N. Finlayson Area 4-5
7/14/24,548,SK,UN,Y,28,548,N. Finlayson Area 4-5
7/14/24,549,SK,UN,Y,28,549,N. Finlayson Area 4-5
7/14/24,550,SK,UN,Y,28,550,N. Finlayson Area 4-5
7/14/24,551,SK,UN,Y,28,551,N. Finlayson Area 4-5
7/14/24,552,SK,UN,Y,28,552,N. Finlayson Area 4-5
7/14/24,553,SK,UN,Y,28,553,N. Finlayson Area 4-5
7/14/24,554,SK,UN,Y,28,554,N. Finlayson Area 4-5
7/14/24,555,SK,UN,Y,28,555,N. Finlayson Area 4-5
7/14/24,556,SK,UN,Y,28,556,N. Finlayson Area 4-5
7/14/24,557,SK,UN,Y,28,557,N. Finlayson Area 4-5
7/14/24,558,SK,UN,Y,28,558,N. Finlayson Area 4-5
7/14/24,559,SK,UN,Y,28,559,N. Finlayson Area 4-5
7/14/24,560,SK,UN,Y,28,560,N. Finlayson Area 4-5
7/14/24,561,SK,UN,Y,29,561,N. Finlayson Area 4-5
7/14/24,562,SK,UN,Y,29,562,N. Finlayson Area 4-5
7/14/24,563,SK,UN,Y,29,563,N. Finlayson Area 4-5
7/14/24,564,SK,UN,Y,29,564,N. Finlayson Area 4-5
7/14/24,565,SK,UN,Y,29,565,N. Finlayson Area 4-5
7/14/24,566,SK,UN,Y,29,566,N. Finlayson Area 4-5
7/14/24,567,SK,UN,Y,29,567,N. Finlayson Area 4-5
7/14/24,568,SK,UN,Y,29,568,N. Finlayson Area 4-5
7/14/24,569,SK,UN,Y,29,569,N. Finlayson Area 4-5
7/14/24,570,SK,UN,Y,29,570,N. Finlayson Area 4-5
7/14/24,571,SK,UN,Y,29,571,N. Finlayson Area 4-5
7/14/24,572,SK,UN,Y,29,572,N. Finlayson Area 4-5
7/14/24,573,SK,UN,Y,29,573,N. Finlayson Area 4-5
7/14/24,574,SK,UN,Y,29,574,N. Finlayson Area 4-5
7/14/24,575,SK,UN,Y,29,575,N. Finlayson Area 4-5